Transaction Hash,To Address,From Address,Token Type,Token Value (ETH),Token Amount (USD),Transaction Time,Transaction Type,Gas Consumed
0xd5967b0aff30587193d6db2820b9982d25aef50ecfef60aa97a34b31b30fe06c,0xe8a99699dd566df02b18e80a420ddc2b0ff2ab69,0x2e750e9f2e0db61747fb89de3fba1d720f2bcc15,Unknown,922.1496177097453,922.1496177097453,2024-01-12 13:04:23,External,21000
0xbfca8be06f2bb742de7e63d63fbccbc96474adfedae8ed247d7ab09fda0b3c06,0xdac17f958d2ee523a2206206994597c13d831ec7,0x2e750e9f2e0db61747fb89de3fba1d720f2bcc15,transfer,0.0,0.0,2024-01-12 13:03:59,External,94813
0xf99309f29664d1a6e9a56fe5e14c5f28614a3b3c5d3eb021b5a3846f38dfdbf4,0xa0b86991c6218b36c1d19d4a2e9eb0ce3606eb48,0x2e750e9f2e0db61747fb89de3fba1d720f2bcc15,transfer,0.0,0.0,2024-01-12 13:02:23,External,94099
0x057f63e82fe5770aea991f6f8fdcf07fadc879f77e4c75696ba6b39b1dded62c,0x6b175474e89094c44da98b954eedeac495271d0f,0x2e750e9f2e0db61747fb89de3fba1d720f2bcc15,transfer,0.0,0.0,2024-01-12 13:02:11,External,77781
0xc793b88eafd20db7ae3b4dd10eb7b74f2863aa9579c90f6f008d7dd2277205bb,0xde30da39c46104798bb5aa3fe8b9e0e1f348163f,0x2e750e9f2e0db61747fb89de3fba1d720f2bcc15,transfer,0.0,0.0,2024-01-12 13:01:59,External,85563
0x4366070f07781a12ebd4f184ab39beb169d0bb25d1843a52baf8e629f57e7089,0x3c11f6265ddec22f4d049dde480615735f451646,0xe8a99699dd566df02b18e80a420ddc2b0ff2ab69,Unknown,0.0,0.0,2024-01-12 13:06:11,External,829216
0x9a79342119bbc6035639e533a63545e7142ab3cf22c52063d282dca48f0f2c5d,0x3c11f6265ddec22f4d049dde480615735f451646,0xe8a99699dd566df02b18e80a420ddc2b0ff2ab69,Unknown,0.0,0.0,2024-01-12 13:07:11,External,398085
0x62b59f86897d3d2a5b8d5522a69c6f3f2e6e043530b8534e44873ae6489396ae,0x3c11f6265ddec22f4d049dde480615735f451646,0xe8a99699dd566df02b18e80a420ddc2b0ff2ab69,Unknown,0.0,0.0,2024-01-12 13:07:59,External,520302
0xedf268feb9e96a09ef018220172d62d794636aee5d82eea3ecddb5e262385cb3,0x3c11f6265ddec22f4d049dde480615735f451646,0xe8a99699dd566df02b18e80a420ddc2b0ff2ab69,Unknown,0.0,0.0,2024-01-12 13:08:59,External,402874
0x87ca36da2a7adecfc1339b28522017d1a427ee954cca8118c48e5b2f63b50f2a,0xd85cfb69b876a6ad88aeaae5bd8a7082389b6062,0xe8a99699dd566df02b18e80a420ddc2b0ff2ab69,Unknown,3107.0358150909574,3107.0358150909574,2024-01-12 13:26:35,External,21000
0x4645b39c9bc1ce7a83472cea09a264b01c65cebb93901bc752416d0bfe712c2d,0x14b50b15c932ef9565ffaf5c55a638f239c0e225,0xe8a99699dd566df02b18e80a420ddc2b0ff2ab69,Unknown,30205.880937559497,30205.880937559497,2024-01-12 13:15:11,External,21000
0x56bfa00b036cf4729a11b6408ea3529f6557b258c12fa880728fe7ca0f495db4,0xe02fa844494a8567ac1971922b9d8271f69abf3b,0xd85cfb69b876a6ad88aeaae5bd8a7082389b6062,Unknown,3102.2090909999997,3102.2090909999997,2024-01-12 13:54:11,External,21000
0x4dd94a493c13d9ccf388b4e3153e9fa4ce6194955c9a662b4394e759f213964d,0x45300136662dd4e58fc0df61e6290dffd992b785,0xe02fa844494a8567ac1971922b9d8271f69abf3b,Unknown,3101.452475576338,3101.452475576338,2024-01-12 14:06:47,External,21000
0x7dc96f8ff5cc73bcf972780c3c1a9e981c7478526461b6fa754619d7e8aa01bd,0x366dd2b536d257fd5faa118e7503de1bf02b1fda,0x14b50b15c932ef9565ffaf5c55a638f239c0e225,Unknown,6199.564255064356,6199.564255064356,2024-01-09 17:46:59,External,21000
0x2a153258a01622edd18f7d9cb440298cd338245b5b5cceaac70c8d9924da0ea0,0x5c221727ed7151bcd1b5319e10a5650c6a18e5c4,0x14b50b15c932ef9565ffaf5c55a638f239c0e225,Unknown,24160.152208546086,24160.152208546086,2024-01-12 13:17:11,External,21000
0x4cb9891254fe5a26bd7410c1c41a04b3071f349d089c03f3a570e6fe936f13cb,0xb6fcac9a67417005e5e57255e19301e365303a09,0x5c221727ed7151bcd1b5319e10a5650c6a18e5c4,Unknown,6036.405255,6036.405255,2024-01-12 13:26:47,External,21000
0x270d8fb5a62306165ed64041aa4d67f07626dbaceb8e1a58c2005223740bc82f,0x6417aa568d4fcd55d369b24144b8419ad0817c82,0x5c221727ed7151bcd1b5319e10a5650c6a18e5c4,Unknown,13590.0855,13590.0855,2024-01-12 17:56:23,External,21000
0x42887273dc70d2f04cfe0868e5f1ff46f96fb5e4d2dad01606e9795bf7a1fbbf,0xfff5f74d0e1881e2409df922bf4f02976398f8cf,0x5c221727ed7151bcd1b5319e10a5650c6a18e5c4,Unknown,901.516419,901.516419,2024-01-12 17:57:23,External,21000
0xf970e9388709d238c6f0bede16879bd5bc0a876e7cddb754839ba95a5663aefe,0x89bd3d2420e592d878ff4f71b5250b7c9a710673,0x5c221727ed7151bcd1b5319e10a5650c6a18e5c4,Unknown,31.930092,31.930092,2024-01-14 13:01:23,External,21000
0x3d65008ad4cdd52a6fd4215e96cba5ecca82db9a0691a4a4b1656776361cc921,0x858738791ebd442ba032fa81ade2a1ea3d073b73,0x5c221727ed7151bcd1b5319e10a5650c6a18e5c4,Unknown,2345.029407,2345.029407,2024-01-14 14:05:59,External,21000
0x45ae5377cdf002e629752a40c4f880d9b2953f8f03100bddbbe9d063fea0a20e,0xfff5f74d0e1881e2409df922bf4f02976398f8cf,0x5c221727ed7151bcd1b5319e10a5650c6a18e5c4,Unknown,121.40477100000001,121.40477100000001,2024-01-14 14:07:23,External,21000
0xffc75f44152ef82abb53c8eaf17d4794299d5b2654be1506907d90c81e200085,0x7a54d89c6205c0046aa71dccd096ea109868bf14,0x5c221727ed7151bcd1b5319e10a5650c6a18e5c4,Unknown,2131.346169,2131.346169,2024-01-14 18:12:59,External,21000
0x70b197a64b2aa2579503d9b6683459b852098b67cc880746a96252d45f2584fc,0xd9847682322362e1e431d1025752f933a3b30c44,0x5c221727ed7151bcd1b5319e10a5650c6a18e5c4,Unknown,2131.211574,2131.211574,2024-01-14 18:13:35,External,21000
0x33715e4fdc2471013b08967f2882bc377254cc8f1770113657c7433471ac0e4b,0x26e632c18ace2d6380196a7770034204cefbea64,0x5c221727ed7151bcd1b5319e10a5650c6a18e5c4,Unknown,3251.032011,3251.032011,2024-01-16 19:36:35,External,21000
0xbbf4a27902819c52ecacc96116c066546242b21f911246ec89c80b5aa995ac01,0x81cb00aa6e12c17e94869c649b622ea17bac10df,0x5c221727ed7151bcd1b5319e10a5650c6a18e5c4,Unknown,1338.940368,1338.940368,2024-01-21 18:49:11,External,21000
0x893506df423b096343239293a3b94e378bf2dd8d1f473bdd98bb1698fd013a3c,0x112fd4ad955a6f56712d3754f58df0f27a33a40a,0x5c221727ed7151bcd1b5319e10a5650c6a18e5c4,Unknown,4791.714705,4791.714705,2024-01-23 18:30:47,External,21000
0xbe0ce857e63a3de8fec905566ca922fdbf756a09f905e8cf5b1ade6eae647825,0x084d2a5d8de539d7fe91b91cc6c9ff943ca786fe,0xb6fcac9a67417005e5e57255e19301e365303a09,Unknown,5830.800149077548,5830.800149077548,2024-01-12 15:36:59,External,21000
0xb3fb73515e9b69018291e73b4d1576a13d1e1621fff4c4db41422efd04064914,0x084d2a5d8de539d7fe91b91cc6c9ff943ca786fe,0xb6fcac9a67417005e5e57255e19301e365303a09,Unknown,200.34,200.34,2024-01-12 15:29:59,External,21000
0x6fa9a4f4279ae4afe5a17a684f0b95714314d061d93c095500ce25b04c9dad6e,0x0c74d8d5f4ccf5465bc092f2780c6e44b6bed771,0x084d2a5d8de539d7fe91b91cc6c9ff943ca786fe,Unknown,4676.74953118106,4676.74953118106,2024-01-12 18:42:59,External,21000
0x67826830f121930ba1d1b2ab10c553611ecb1b4a0aeb528357b1f132e1320503,0x0c74d8d5f4ccf5465bc092f2780c6e44b6bed771,0x084d2a5d8de539d7fe91b91cc6c9ff943ca786fe,Unknown,1350.0,1350.0,2024-01-12 18:23:59,External,21000
0xfbeefd5a438391aa8d27d09108fa8c6d8ed8c7294b36ab4f3985a07b59656fa4,0x45300136662dd4e58fc0df61e6290dffd992b785,0x0c74d8d5f4ccf5465bc092f2780c6e44b6bed771,Unknown,6025.788042772506,6025.788042772506,2024-01-13 01:02:11,External,21000
0x79d2f5dc9200749c8fc89029ae2f96eb79d32c6d1eae9e292a7c2044a12186f0,0x79f6c9b67ffa16c66b0c921816ed8afcee1eef7c,0x6417aa568d4fcd55d369b24144b8419ad0817c82,Unknown,2615.873481,2615.873481,2024-01-12 18:40:11,External,21000
0xa8ce6781065512b3c2d7894dfe3551eacb566137a221bc685deafb65cf9bdab8,0xf15c5869f11b137d002ebec96d0775d642e2dab8,0x79f6c9b67ffa16c66b0c921816ed8afcee1eef7c,Unknown,2696.3010000000004,2696.3010000000004,2024-01-21 15:56:47,External,21000
0x703e191f1e8cbecd9c96ceb5a00be8d43b1d17d27d4d54cfb7f039ba9b8e2573,0x75e89d5979e4f6fba9f97c104c2f0afb3f1dcb88,0xf15c5869f11b137d002ebec96d0775d642e2dab8,Unknown,2695.0535999999997,2695.0535999999997,2024-01-21 16:00:11,External,21000
0x80ce500c6d1732566b9ea9891ffd7f7f9ec08b7cbd220e43ac008bbef1f1f209,0x1fbe48d514b77ac89875195e20960da07204d3c7,0x6417aa568d4fcd55d369b24144b8419ad0817c82,Unknown,211.61033999999998,211.61033999999998,2024-01-13 06:49:59,External,21000
0x2ef8edad6e38d0829d823eb631f7d94bd903c8402e9288d62cd8aa83d929d3f6,0x76e4529ade26e042fac43b3f2c398c6f6faf8cea,0x1fbe48d514b77ac89875195e20960da07204d3c7,Unknown,210.6,210.6,2024-01-20 18:26:23,External,21000
0x5175d2ec1dbf148806c1fe4eca476b70a6051f40b5fad3785b1077f5e9b5436c,0x1689a089aa12d6cbbd88bc2755e4c192f8702000,0x76e4529ade26e042fac43b3f2c398c6f6faf8cea,Unknown,209.63609999999997,209.63609999999997,2024-01-20 18:32:59,External,21000
0x8d375b85f55fd2d835758a978264386f2adb4ee1e205a76c21afbe53471646a5,0x1b6f0646a68abbde3fdc09f45978ad2e9928f1ec,0x6417aa568d4fcd55d369b24144b8419ad0817c82,Unknown,1813.2633,1813.2633,2024-01-24 12:57:11,External,21000
0xb885e1c67feb0d6fb87f3241bba2a1c513e66e061f8b3d5d1516dbac83e914ef,0x45300136662dd4e58fc0df61e6290dffd992b785,0x1b6f0646a68abbde3fdc09f45978ad2e9928f1ec,Unknown,1812.490371228042,1812.490371228042,2024-01-25 01:27:35,External,21000
0x9ff9994b8a28bf7881b6c852f25af41b37013f7023a8417bb78632a443248105,0x53bc23489b005dda3faf3e49fa4ee678a7086752,0x6417aa568d4fcd55d369b24144b8419ad0817c82,Unknown,1733.33439,1733.33439,2024-01-14 17:04:35,External,21000
0x5e4e0d1350e0f13a4bdcdab0eb94248a42b36a5cbb55866a6fc1f394c02659df,0x28c6c06298d514db089934071355e5743bf21d60,0x53bc23489b005dda3faf3e49fa4ee678a7086752,Unknown,1731.3024989174912,1731.3024989174912,2024-01-14 17:30:59,External,207128
0x87263e77d8bd45de69f282ab16c84f70c61c6e3b27896b0eafdac3af5d48029d,0x76e4ae98568b03468b9ad3f3d4238b9fb0545a62,0x6417aa568d4fcd55d369b24144b8419ad0817c82,Unknown,1084.185,1084.185,2024-01-14 13:40:11,External,21000
0x67a909eeec2305b2c470cbc4961bc62607318ebe060128dc359dab4c35040561,0x76e4ae98568b03468b9ad3f3d4238b9fb0545a62,0x6417aa568d4fcd55d369b24144b8419ad0817c82,Unknown,309.69,309.69,2024-01-14 13:17:35,External,21000
0x7f69d7647f90aa0d6c59cc87387289924c12d2c7ffd167c14060aebe8e75b063,0x75e89d5979e4f6fba9f97c104c2f0afb3f1dcb88,0x76e4ae98568b03468b9ad3f3d4238b9fb0545a62,Unknown,1390.4265003202474,1390.4265003202474,2024-01-14 13:42:11,External,21000
0x571b403ed961f13a3161b755d4b07d608974d3b22db82218a8bcca7c9a21bb48,0x42a9c606e25dfeb0ab10e0aea4c9336f687a8618,0x6417aa568d4fcd55d369b24144b8419ad0817c82,Unknown,867.348,867.348,2024-01-12 18:26:47,External,21000
0x0dd3d14b9c04a9faffa54c60588c04fecad96f6e567d59f0c50536703513bc52,0x75e89d5979e4f6fba9f97c104c2f0afb3f1dcb88,0x42a9c606e25dfeb0ab10e0aea4c9336f687a8618,Unknown,859.6241478000001,859.6241478000001,2024-01-12 18:30:11,External,21000
0xde2ac888090fda26611a8bc0e2c9dd59c6aae2c3c7ef95af88d6b75aa16b24d7,0x76b81378fba2849ecb02b0db988079fa257ae8a2,0x6417aa568d4fcd55d369b24144b8419ad0817c82,Unknown,505.85580000000004,505.85580000000004,2024-01-17 16:48:35,External,21000
0xc84365f38a78ab45e30aeb95c9e9153b9ca46c51f0e54876bca585701ffce07c,0x45300136662dd4e58fc0df61e6290dffd992b785,0x76b81378fba2849ecb02b0db988079fa257ae8a2,Unknown,502.82680730130716,502.82680730130716,2024-01-17 17:09:47,External,21000
0x9305ea5bde4f42f91357084749081f43e6d4a626b8933dd1dd5872cf71bea8b6,0xae7ab96520de3a18e5e111b5eaab095312d7fe84,0x6417aa568d4fcd55d369b24144b8419ad0817c82,submit,1350.0,1350.0,2024-01-15 04:29:35,External,99154
0x846afc44acb77fa2b8d0b3dc8e477a83b2868b1bc747e58184d177a5ca172e09,0xae7ab96520de3a18e5e111b5eaab095312d7fe84,0x6417aa568d4fcd55d369b24144b8419ad0817c82,submit,2160.0,2160.0,2024-01-15 04:06:47,External,118368
0x7cf5c1c4ba335cdc46587cd0381eb7510e0e17fc6430d3bead571bfcef834cea,0xc2360d8254b321cef71ce040799e1fbd69fb2415,0xfff5f74d0e1881e2409df922bf4f02976398f8cf,Unknown,1030.078590597972,1030.078590597972,2024-01-12 17:59:59,External,21000
0x3da5f9f6494c161ba3d66fe2abb13479ae0b3c660c7fed17661abfc314f68737,0xf89d7b9c864f589bbf53a82105107622b35eaa40,0xc2360d8254b321cef71ce040799e1fbd69fb2415,Unknown,1026.9316132965494,1026.9316132965494,2024-01-12 18:15:11,External,21000
0xbbc71e4a3c7dac3a1e357839b21e1969faac477cbb81d741ccf09a8464b2d189,0x92fc3a842d393e476076677adffeda6a416261a8,0x89bd3d2420e592d878ff4f71b5250b7c9a710673,Unknown,81.0,81.0,2024-01-15 03:59:23,External,106221
0x61beee3e3cfbff5ed132eca93b44daa9f0b481766a077ff3bbc02f8083c0ea67,0x0c74d8d5f4ccf5465bc092f2780c6e44b6bed771,0x858738791ebd442ba032fa81ade2a1ea3d073b73,Unknown,2343.4537579378507,2343.4537579378507,2024-01-14 17:54:59,External,21000
0x07a09d9b1f8adbc40d4654488f81f7cdbb39562ca135e96769e362f9be1ab0a1,0x45300136662dd4e58fc0df61e6290dffd992b785,0x0c74d8d5f4ccf5465bc092f2780c6e44b6bed771,Unknown,2342.344845878327,2342.344845878327,2024-01-15 01:02:11,External,21000
0x1d95d3abe97814ba811996c64e2c03e17cb0051a75fb0ad6d343f7c3ad44ff9e,0xe34e6cff4cb81669728a56c7c55d932309b29727,0x7a54d89c6205c0046aa71dccd096ea109868bf14,Unknown,2244.006612,2244.006612,2024-01-22 09:44:47,External,21000
0xceb003b89aa4456dbc24857386343fc8dbebb8e4f2f6a0cd55c8e27351a4d8fc,0x45300136662dd4e58fc0df61e6290dffd992b785,0xe34e6cff4cb81669728a56c7c55d932309b29727,Unknown,2803.069473748713,2803.069473748713,2024-01-22 11:05:35,External,21000
0x43f689f181cfdf617815538c06d006e607467ebd55fc134f1d782293fc366405,0x0c74d8d5f4ccf5465bc092f2780c6e44b6bed771,0xd9847682322362e1e431d1025752f933a3b30c44,Unknown,2126.285613,2126.285613,2024-01-15 11:58:23,External,21000
0x6a2378e6d2cac1c62d6f1571e0fa436c15dbc795166a7b6eea66407de9364977,0x45300136662dd4e58fc0df61e6290dffd992b785,0x0c74d8d5f4ccf5465bc092f2780c6e44b6bed771,Unknown,2124.85563213346,2124.85563213346,2024-01-16 01:02:11,External,21000
0xe86692e01995c888fa7a72cc4ea20fc411cf86ed2fb8a59885aca78f5b17b035,0xe34e6cff4cb81669728a56c7c55d932309b29727,0x26e632c18ace2d6380196a7770034204cefbea64,Unknown,533.787676088914,533.787676088914,2024-01-17 17:29:47,External,21000
0xcc9e8baaf5c15266de4ffcfdb79edf62537a1db1bd96bd195061f8b0be2f37a1,0x45300136662dd4e58fc0df61e6290dffd992b785,0xe34e6cff4cb81669728a56c7c55d932309b29727,Unknown,531.7415972805439,531.7415972805439,2024-01-17 20:05:35,External,21000
0xe8cb29df6001f6e36ebeea8716b88289dfb9f5714a5c5715618bdb82c30fcd0b,0xe160f77b85baa24da2a3f7390b469e3567757a03,0x26e632c18ace2d6380196a7770034204cefbea64,Unknown,2448.8119594152713,2448.8119594152713,2024-01-17 17:52:35,External,21000
0x7fab010a156820af2f130b35f85d5d6b9a274b796b496053febd52a28e53df2c,0x45300136662dd4e58fc0df61e6290dffd992b785,0xe160f77b85baa24da2a3f7390b469e3567757a03,Unknown,2446.765880606901,2446.765880606901,2024-01-17 20:05:47,External,21000
0xc95414352fecac4ed16a8657fd35c350bf32275ed690be9f21992f366d0f5efc,0x757ab746dbcf046cab99ff23c8e98584eb6f8b0d,0x26e632c18ace2d6380196a7770034204cefbea64,Unknown,259.9928938891887,259.9928938891887,2024-01-17 15:22:23,External,21000
0x6bfe35bfbf012b323197bc16e44a2b1a516dffdf5a9d11b33f743e783c2b2b21,0x7913b6897338767fc92628c89558feb8d6e485d5,0x757ab746dbcf046cab99ff23c8e98584eb6f8b0d,Unknown,256.77,256.77,2024-01-18 19:37:47,External,21000
0x012e42902113b9c49cd308cde8db0ccd920d3d9aa5673cabb4792e6fd2549090,0x4e5b2e1dc63f6b91cb6cd759936495434c7e972f,0x7913b6897338767fc92628c89558feb8d6e485d5,Unknown,254.8422,254.8422,2024-01-18 19:38:59,External,21000
0x486becb991a665d7802f70a4e6b5f2c7e56944652450441a753caf445f35c21c,0xbf94f0ac752c739f623c463b5210a7fb2cbb420b,0x112fd4ad955a6f56712d3754f58df0f27a33a40a,Unknown,4791.387546,4791.387546,2024-01-23 18:36:35,External,21000
